{
  "0.05": 0.7512338347017754,
  "0.1": 0.3039439721271298,
  "0.2": 0.06349443048336495
}